"global_step","step","icy-universe-33 - _step__MIN","icy-universe-33 - _step__MAX","ep_rew_mean","icy-universe-33 - rollout/ep_rew_mean__MIN","icy-universe-33 - rollout/ep_rew_mean__MAX"
"2048","1","1","1","0","0","0"
"4096","2","2","2","0","0","0"
"6144","3","3","3","0","0","0"
"8192","5","5","5","0","0","0"
"10240","6","6","6","0","0","0"
"12288","7","7","7","0","0","0"
"14336","8","8","8","0","0","0"
"16384","9","9","9","0","0","0"
"18432","11","11","11","0","0","0"
"20480","12","12","12","0","0","0"
"22528","13","13","13","0","0","0"
"24576","14","14","14","0","0","0"
"26624","15","15","15","0","0","0"
"28672","17","17","17","0","0","0"
"30720","18","18","18","0","0","0"
"32768","19","19","19","0","0","0"
"34816","20","20","20","0","0","0"
"36864","21","21","21","0","0","0"
"38912","23","23","23","0","0","0"
"40960","24","24","24","0","0","0"
"43008","25","25","25","0.018672093749046326","0.018672093749046326","0.018672093749046326"
"45056","26","26","26","0.04625106230378151","0.04625106230378151","0.04625106230378151"
"47104","27","27","27","0.07605999708175659","0.07605999708175659","0.07605999708175659"
"49152","29","29","29","0.15803103148937225","0.15803103148937225","0.15803103148937225"
"51200","30","30","30","0.2263553887605667","0.2263553887605667","0.2263553887605667"
"53248","31","31","31","0.23311449587345123","0.23311449587345123","0.23311449587345123"
"55296","32","32","32","0.28832894563674927","0.28832894563674927","0.28832894563674927"
"57344","33","33","33","0.9111909866333008","0.9111909866333008","0.9111909866333008"
"59392","35","35","35","0.9775000214576721","0.9775000214576721","0.9775000214576721"
"61440","36","36","36","0.9816669821739197","0.9816669821739197","0.9816669821739197"
"63488","37","37","37","0.9788950085639954","0.9788950085639954","0.9788950085639954"
"65536","38","38","38","0.9837909936904907","0.9837909936904907","0.9837909936904907"
"67584","39","39","39","0.9720010161399841","0.9720010161399841","0.9720010161399841"
"69632","41","41","41","0.9523249864578247","0.9523249864578247","0.9523249864578247"
"71680","42","42","42","0.9280049800872803","0.9280049800872803","0.9280049800872803"
"73728","43","43","43","0.9083290100097656","0.9083290100097656","0.9083290100097656"
"75776","44","44","44","0.8934239745140076","0.8934239745140076","0.8934239745140076"
"77824","45","45","45","0.8698790073394775","0.8698790073394775","0.8698790073394775"
"79872","47","47","47","0.8514459729194641","0.8514459729194641","0.8514459729194641"
"81920","48","48","48","0.8388190269470215","0.8388190269470215","0.8388190269470215"
"83968","49","49","49","0.9657909870147705","0.9657909870147705","0.9657909870147705"
"86016","50","50","50","0.9660519957542419","0.9660519957542419","0.9660519957542419"
"88064","51","51","51","0.9503179788589478","0.9503179788589478","0.9503179788589478"
"90112","53","53","53","0.9826840162277222","0.9826840162277222","0.9826840162277222"
"92160","54","54","54","0.9671760201454163","0.9671760201454163","0.9671760201454163"
"94208","55","55","55","0.9498239755630493","0.9498239755630493","0.9498239755630493"
"96256","56","56","56","0.9346489906311035","0.9346489906311035","0.9346489906311035"
"98304","58","58","58","0.9450899958610535","0.9450899958610535","0.9450899958610535"
"100352","59","59","59","0.9805600047111511","0.9805600047111511","0.9805600047111511"
"102400","60","60","60","0.9825670123100281","0.9825670123100281","0.9825670123100281"
"104448","61","61","61","0.971360981464386","0.971360981464386","0.971360981464386"
"106496","62","62","62","0.9581390023231506","0.9581390023231506","0.9581390023231506"
"108544","64","64","64","0.9806860089302063","0.9806860089302063","0.9806860089302063"
"110592","65","65","65","0.9788410067558289","0.9788410067558289","0.9788410067558289"
"112640","66","66","66","0.9838359951972961","0.9838359951972961","0.9838359951972961"
"114688","67","67","67","0.9731789827346802","0.9731789827346802","0.9731789827346802"
"116736","68","68","68","0.9535210132598877","0.9535210132598877","0.9535210132598877"
"118784","70","70","70","0.937932014465332","0.937932014465332","0.937932014465332"
"120832","71","71","71","0.9797049760818481","0.9797049760818481","0.9797049760818481"
"122880","72","72","72","0.9746109843254089","0.9746109843254089","0.9746109843254089"
"124928","73","73","73","0.9638550281524658","0.9638550281524658","0.9638550281524658"
"126976","74","74","74","0.9821889996528625","0.9821889996528625","0.9821889996528625"
"129024","76","76","76","0.9853929877281189","0.9853929877281189","0.9853929877281189"
"131072","77","77","77","0.9760779738426208","0.9760779738426208","0.9760779738426208"
"133120","78","78","78","0.977275013923645","0.977275013923645","0.977275013923645"
"135168","79","79","79","0.9839349985122681","0.9839349985122681","0.9839349985122681"
"137216","80","80","80","0.9751060009002686","0.9751060009002686","0.9751060009002686"
"139264","82","82","82","0.9682120084762573","0.9682120084762573","0.9682120084762573"
"141312","83","83","83","0.9719470143318176","0.9719470143318176","0.9719470143318176"
"143360","84","84","84","0.9802089929580688","0.9802089929580688","0.9802089929580688"
"145408","85","85","85","0.9854469895362854","0.9854469895362854","0.9854469895362854"
"147456","86","86","86","0.9711999893188477","0.9711999893188477","0.9711999893188477"
"149504","88","88","88","0.9537039995193481","0.9537039995193481","0.9537039995193481"
"151552","89","89","89","0.9379900097846985","0.9379900097846985","0.9379900097846985"
"153600","90","90","90","0.9251109957695007","0.9251109957695007","0.9251109957695007"
"155648","91","91","91","0.9666460156440735","0.9666460156440735","0.9666460156440735"
"157696","92","92","92","0.961920976638794","0.961920976638794","0.961920976638794"
"159744","94","94","94","0.9550449848175049","0.9550449848175049","0.9550449848175049"
"161792","95","95","95","0.9649180173873901","0.9649180173873901","0.9649180173873901"
"163840","96","96","96","0.9735040068626404","0.9735040068626404","0.9735040068626404"
"165888","97","97","97","0.9747189879417419","0.9747189879417419","0.9747189879417419"
"167936","98","98","98","0.980542004108429","0.980542004108429","0.980542004108429"
"169984","100","100","100","0.9846190214157104","0.9846190214157104","0.9846190214157104"
"172032","101","101","101","0.9747729897499084","0.9747729897499084","0.9747729897499084"
"174080","102","102","102","0.9841960072517395","0.9841960072517395","0.9841960072517395"
"176128","103","103","103","0.9784719944000244","0.9784719944000244","0.9784719944000244"
"178176","105","105","105","0.9732609987258911","0.9732609987258911","0.9732609987258911"
"180224","106","106","106","0.9792190194129944","0.9792190194129944","0.9792190194129944"
"182272","107","107","107","0.9719380140304565","0.9719380140304565","0.9719380140304565"
"184320","108","108","108","0.9660249948501587","0.9660249948501587","0.9660249948501587"
"186368","109","109","109","0.9752950072288513","0.9752950072288513","0.9752950072288513"
"188416","111","111","111","0.980866014957428","0.980866014957428","0.980866014957428"
"190464","112","112","112","0.9751780033111572","0.9751780033111572","0.9751780033111572"
"192512","113","113","113","0.9806950092315674","0.9806950092315674","0.9806950092315674"
"194560","114","114","114","0.9798759818077087","0.9798759818077087","0.9798759818077087"
"196608","115","115","115","0.9804159998893738","0.9804159998893738","0.9804159998893738"
"198656","117","117","117","0.9806410074234009","0.9806410074234009","0.9806410074234009"
"200704","118","118","118","0.9823060035705566","0.9823060035705566","0.9823060035705566"
"202752","119","119","119","0.9848170280456543","0.9848170280456543","0.9848170280456543"
"204800","120","120","120","0.9822070002555847","0.9822070002555847","0.9822070002555847"
"206848","121","121","121","0.9826480150222778","0.9826480150222778","0.9826480150222778"
"208896","123","123","123","0.9838269948959351","0.9838269948959351","0.9838269948959351"
"210944","124","124","124","0.9825940132141113","0.9825940132141113","0.9825940132141113"
"212992","125","125","125","0.9782469868659973","0.9782469868659973","0.9782469868659973"
"215040","126","126","126","0.9752770066261292","0.9752770066261292","0.9752770066261292"
"217088","127","127","127","0.9725049734115601","0.9725049734115601","0.9725049734115601"
"219136","129","129","129","0.9843220114707947","0.9843220114707947","0.9843220114707947"
"221184","130","130","130","0.983601987361908","0.983601987361908","0.983601987361908"
"223232","131","131","131","0.9801459908485413","0.9801459908485413","0.9801459908485413"
"225280","132","132","132","0.9821709990501404","0.9821709990501404","0.9821709990501404"
"227328","133","133","133","0.9855999946594238","0.9855999946594238","0.9855999946594238"
"229376","135","135","135","0.9830620288848877","0.9830620288848877","0.9830620288848877"
"231424","136","136","136","0.9838449954986572","0.9838449954986572","0.9838449954986572"
"233472","137","137","137","0.9852219820022583","0.9852219820022583","0.9852219820022583"
"235520","138","138","138","0.98614901304245","0.98614901304245","0.98614901304245"
"237568","139","139","139","0.979174017906189","0.979174017906189","0.979174017906189"
"239616","141","141","141","0.9812350273132324","0.9812350273132324","0.9812350273132324"
"241664","142","142","142","0.9737650156021118","0.9737650156021118","0.9737650156021118"
"243712","143","143","143","0.9729639887809753","0.9729639887809753","0.9729639887809753"
"245760","144","144","144","0.9827560186386108","0.9827560186386108","0.9827560186386108"
"247808","145","145","145","0.9764289855957031","0.9764289855957031","0.9764289855957031"
"249856","147","147","147","0.9813969731330872","0.9813969731330872","0.9813969731330872"
"251904","149","149","149","0.9834129810333252","0.9834129810333252","0.9834129810333252"