"global_step","step","fresh-cloud-28 - _step__MIN","fresh-cloud-28 - _step__MAX","ep_rew_mean","fresh-cloud-28 - rollout/ep_rew_mean__MIN","fresh-cloud-28 - rollout/ep_rew_mean__MAX"
"2048","1","1","1","0","0","0"
"4096","2","2","2","0","0","0"
"6144","3","3","3","0","0","0"
"8192","5","5","5","0","0","0"
"10240","6","6","6","0","0","0"
"12288","7","7","7","0","0","0"
"14336","8","8","8","0","0","0"
"16384","9","9","9","0","0","0"
"18432","11","11","11","0","0","0"
"20480","12","12","12","0","0","0"
"22528","13","13","13","0","0","0"
"24576","14","14","14","0","0","0"
"26624","15","15","15","0","0","0"
"28672","17","17","17","0","0","0"
"30720","18","18","18","0","0","0"
"32768","19","19","19","0","0","0"
"34816","20","20","20","0","0","0"
"36864","21","21","21","0","0","0"
"38912","23","23","23","0","0","0"
"40960","24","24","24","0","0","0"
"43008","25","25","25","0","0","0"
"45056","26","26","26","0","0","0"
"47104","27","27","27","0","0","0"
"49152","29","29","29","0","0","0"
"51200","30","30","30","0","0","0"
"53248","31","31","31","0","0","0"
"55296","32","32","32","0","0","0"
"57344","33","33","33","0","0","0"
"59392","35","35","35","0","0","0"
"61440","36","36","36","0","0","0"
"63488","37","37","37","0","0","0"
"65536","38","38","38","0","0","0"
"67584","39","39","39","0","0","0"
"69632","41","41","41","0","0","0"
"71680","42","42","42","0","0","0"
"73728","43","43","43","0","0","0"
"75776","44","44","44","0","0","0"
"77824","45","45","45","0","0","0"
"79872","47","47","47","0","0","0"
"81920","48","48","48","0","0","0"
"83968","49","49","49","0","0","0"
"86016","50","50","50","0","0","0"
"88064","51","51","51","0","0","0"
"90112","53","53","53","0","0","0"
"92160","54","54","54","0","0","0"
"94208","55","55","55","0","0","0"
"96256","56","56","56","0","0","0"
"98304","58","58","58","0","0","0"
"100352","59","59","59","0","0","0"
"102400","60","60","60","0","0","0"
"104448","61","61","61","0","0","0"
"106496","62","62","62","0","0","0"
"108544","64","64","64","0","0","0"
"110592","65","65","65","0","0","0"
"112640","66","66","66","0","0","0"
"114688","67","67","67","0","0","0"
"116736","68","68","68","0","0","0"
"118784","70","70","70","0.0029619999695569277","0.0029619999695569277","0.0029619999695569277"
"120832","71","71","71","0.0029619999695569277","0.0029619999695569277","0.0029619999695569277"
"122880","72","72","72","0.0029619999695569277","0.0029619999695569277","0.0029619999695569277"
"124928","73","73","73","0.0029619999695569277","0.0029619999695569277","0.0029619999695569277"
"126976","74","74","74","0.0029619999695569277","0.0029619999695569277","0.0029619999695569277"
"129024","76","76","76","0.0029619999695569277","0.0029619999695569277","0.0029619999695569277"
"131072","77","77","77","0.0029619999695569277","0.0029619999695569277","0.0029619999695569277"
"133120","78","78","78","0.0029619999695569277","0.0029619999695569277","0.0029619999695569277"
"135168","79","79","79","0.0029619999695569277","0.0029619999695569277","0.0029619999695569277"
"137216","80","80","80","0.0029619999695569277","0.0029619999695569277","0.0029619999695569277"
"139264","82","82","82","0.0029619999695569277","0.0029619999695569277","0.0029619999695569277"
"141312","83","83","83","0.0029619999695569277","0.0029619999695569277","0.0029619999695569277"
"143360","84","84","84","0.0029619999695569277","0.0029619999695569277","0.0029619999695569277"
"145408","85","85","85","0.0029619999695569277","0.0029619999695569277","0.0029619999695569277"
"147456","86","86","86","0.017616000026464462","0.017616000026464462","0.017616000026464462"
"149504","88","88","88","0.05747300013899803","0.05747300013899803","0.05747300013899803"
"151552","89","89","89","0.17976999282836914","0.17976999282836914","0.17976999282836914"
"153600","90","90","90","0.31072598695755005","0.31072598695755005","0.31072598695755005"
"155648","91","91","91","0.5423210263252258","0.5423210263252258","0.5423210263252258"
"157696","92","92","92","0.8318089842796326","0.8318089842796326","0.8318089842796326"
"159744","94","94","94","0.9466930031776428","0.9466930031776428","0.9466930031776428"
"161792","95","95","95","0.9481599926948547","0.9481599926948547","0.9481599926948547"
"163840","96","96","96","0.9518229961395264","0.9518229961395264","0.9518229961395264"
"165888","97","97","97","0.9549189805984497","0.9549189805984497","0.9549189805984497"
"167936","98","98","98","0.9620640277862549","0.9620640277862549","0.9620640277862549"
"169984","100","100","100","0.9703270196914673","0.9703270196914673","0.9703270196914673"
"172032","101","101","101","0.965736985206604","0.965736985206604","0.965736985206604"
"174080","102","102","102","0.9667900204658508","0.9667900204658508","0.9667900204658508"
"176128","103","103","103","0.9518229961395264","0.9518229961395264","0.9518229961395264"
"178176","105","105","105","0.9482759833335876","0.9482759833335876","0.9482759833335876"
"180224","106","106","106","0.9715330004692078","0.9715330004692078","0.9715330004692078"
"182272","107","107","107","0.958437979221344","0.958437979221344","0.958437979221344"
"184320","108","108","108","0.954846978187561","0.954846978187561","0.954846978187561"
"186368","109","109","109","0.970704972743988","0.970704972743988","0.970704972743988"
"188416","111","111","111","0.9738730192184448","0.9738730192184448","0.9738730192184448"
"190464","112","112","112","0.9706599712371826","0.9706599712371826","0.9706599712371826"
"192512","113","113","113","0.9711369872093201","0.9711369872093201","0.9711369872093201"
"194560","114","114","114","0.9753400087356567","0.9753400087356567","0.9753400087356567"
"196608","115","115","115","0.9709299802780151","0.9709299802780151","0.9709299802780151"
"198656","117","117","117","0.9710379838943481","0.9710379838943481","0.9710379838943481"
"200704","118","118","118","0.9670060276985168","0.9670060276985168","0.9670060276985168"
"202752","119","119","119","0.9671139717102051","0.9671139717102051","0.9671139717102051"
"204800","120","120","120","0.9728469848632812","0.9728469848632812","0.9728469848632812"
"206848","121","121","121","0.9642159938812256","0.9642159938812256","0.9642159938812256"
"208896","123","123","123","0.9489420056343079","0.9489420056343079","0.9489420056343079"
"210944","124","124","124","0.948635995388031","0.948635995388031","0.948635995388031"
"212992","125","125","125","0.9700030088424683","0.9700030088424683","0.9700030088424683"
"215040","126","126","126","0.9724869728088379","0.9724869728088379","0.9724869728088379"
"217088","127","127","127","0.9626500010490417","0.9626500010490417","0.9626500010490417"
"219136","129","129","129","0.953253984451294","0.953253984451294","0.953253984451294"
"221184","130","130","130","0.947547972202301","0.947547972202301","0.947547972202301"
"223232","131","131","131","0.968176007270813","0.968176007270813","0.968176007270813"
"225280","132","132","132","0.9747459888458252","0.9747459888458252","0.9747459888458252"
"227328","133","133","133","0.9740800261497498","0.9740800261497498","0.9740800261497498"
"229376","135","135","135","0.975799024105072","0.975799024105072","0.975799024105072"
"231424","136","136","136","0.9749259948730469","0.9749259948730469","0.9749259948730469"
"233472","137","137","137","0.9739000201225281","0.9739000201225281","0.9739000201225281"
"235520","138","138","138","0.9744669795036316","0.9744669795036316","0.9744669795036316"
"237568","139","139","139","0.9734230041503906","0.9734230041503906","0.9734230041503906"
"239616","141","141","141","0.9767979979515076","0.9767979979515076","0.9767979979515076"
"241664","142","142","142","0.9744939804077148","0.9744939804077148","0.9744939804077148"
"243712","143","143","143","0.9631530046463013","0.9631530046463013","0.9631530046463013"
"245760","144","144","144","0.9770500063896179","0.9770500063896179","0.9770500063896179"
"247808","145","145","145","0.9678249955177307","0.9678249955177307","0.9678249955177307"
"249856","147","147","147","0.9661870002746582","0.9661870002746582","0.9661870002746582"
"251904","149","149","149","0.9682570099830627","0.9682570099830627","0.9682570099830627"