"global_step","step","vibrant-deluge-27 - _step__MIN","vibrant-deluge-27 - _step__MAX","ep_rew_mean","vibrant-deluge-27 - rollout/ep_rew_mean__MIN","vibrant-deluge-27 - rollout/ep_rew_mean__MAX"
"2048","1","1","1","0","0","0"
"4096","2","2","2","0","0","0"
"6144","3","3","3","0","0","0"
"8192","5","5","5","0","0","0"
"10240","6","6","6","0","0","0"
"12288","7","7","7","0","0","0"
"14336","8","8","8","0","0","0"
"16384","9","9","9","0","0","0"
"18432","11","11","11","0","0","0"
"20480","12","12","12","0","0","0"
"22528","13","13","13","0","0","0"
"24576","14","14","14","0","0","0"
"26624","15","15","15","0","0","0"
"28672","17","17","17","0","0","0"
"30720","18","18","18","0","0","0"
"32768","19","19","19","0","0","0"
"34816","20","20","20","0","0","0"
"36864","21","21","21","0","0","0"
"38912","23","23","23","0","0","0"
"40960","24","24","24","0","0","0"
"43008","25","25","25","0","0","0"
"45056","26","26","26","0","0","0"
"47104","27","27","27","0","0","0"
"49152","29","29","29","0","0","0"
"51200","30","30","30","0","0","0"
"53248","31","31","31","0","0","0"
"55296","32","32","32","0","0","0"
"57344","33","33","33","0","0","0"
"59392","35","35","35","0","0","0"
"61440","36","36","36","0","0","0"
"63488","37","37","37","0","0","0"
"65536","38","38","38","0","0","0"
"67584","39","39","39","0.020530883222818375","0.020530883222818375","0.020530883222818375"
"69632","41","41","41","0.019944285973906517","0.019944285973906517","0.019944285973906517"
"71680","42","42","42","0.042743243277072906","0.042743243277072906","0.042743243277072906"
"73728","43","43","43","0.14789070188999176","0.14789070188999176","0.14789070188999176"
"75776","44","44","44","0.24291111528873444","0.24291111528873444","0.24291111528873444"
"77824","45","45","45","0.3613390028476715","0.3613390028476715","0.3613390028476715"
"79872","47","47","47","0.601269006729126","0.601269006729126","0.601269006729126"
"81920","48","48","48","0.9126819968223572","0.9126819968223572","0.9126819968223572"
"83968","49","49","49","0.9548919796943665","0.9548919796943665","0.9548919796943665"
"86016","50","50","50","0.9648280143737793","0.9648280143737793","0.9648280143737793"
"88064","51","51","51","0.9671499729156494","0.9671499729156494","0.9671499729156494"
"90112","53","53","53","0.9689949750900269","0.9689949750900269","0.9689949750900269"
"92160","54","54","54","0.9726399779319763","0.9726399779319763","0.9726399779319763"
"94208","55","55","55","0.9765729904174805","0.9765729904174805","0.9765729904174805"
"96256","56","56","56","0.9778239727020264","0.9778239727020264","0.9778239727020264"
"98304","58","58","58","0.976951003074646","0.976951003074646","0.976951003074646"
"100352","59","59","59","0.9775720238685608","0.9775720238685608","0.9775720238685608"
"102400","60","60","60","0.9781569838523865","0.9781569838523865","0.9781569838523865"
"104448","61","61","61","0.9801009893417358","0.9801009893417358","0.9801009893417358"
"106496","62","62","62","0.980542004108429","0.980542004108429","0.980542004108429"
"108544","64","64","64","0.980659008026123","0.980659008026123","0.980659008026123"
"110592","65","65","65","0.9825040102005005","0.9825040102005005","0.9825040102005005"
"112640","66","66","66","0.9716950058937073","0.9716950058937073","0.9716950058937073"
"114688","67","67","67","0.9685360193252563","0.9685360193252563","0.9685360193252563"
"116736","68","68","68","0.9642599821090698","0.9642599821090698","0.9642599821090698"
"118784","70","70","70","0.9682559967041016","0.9682559967041016","0.9682559967041016"
"120832","71","71","71","0.9791020154953003","0.9791020154953003","0.9791020154953003"
"122880","72","72","72","0.969245970249176","0.969245970249176","0.969245970249176"
"124928","73","73","73","0.9819819927215576","0.9819819927215576","0.9819819927215576"
"126976","74","74","74","0.9785979986190796","0.9785979986190796","0.9785979986190796"
"129024","76","76","76","0.9808120131492615","0.9808120131492615","0.9808120131492615"
"131072","77","77","77","0.9791560173034668","0.9791560173034668","0.9791560173034668"
"133120","78","78","78","0.9754120111465454","0.9754120111465454","0.9754120111465454"
"135168","79","79","79","0.9773200154304504","0.9773200154304504","0.9773200154304504"
"137216","80","80","80","0.9708219766616821","0.9708219766616821","0.9708219766616821"
"139264","82","82","82","0.9648100137710571","0.9648100137710571","0.9648100137710571"
"141312","83","83","83","0.9819549918174744","0.9819549918174744","0.9819549918174744"
"143360","84","84","84","0.9710999727249146","0.9710999727249146","0.9710999727249146"
"145408","85","85","85","0.9454119801521301","0.9454119801521301","0.9454119801521301"
"147456","86","86","86","0.9342060089111328","0.9342060089111328","0.9342060089111328"
"149504","88","88","88","0.9186630249023438","0.9186630249023438","0.9186630249023438"
"151552","89","89","89","0.9034889936447144","0.9034889936447144","0.9034889936447144"
"153600","90","90","90","0.8851280212402344","0.8851280212402344","0.8851280212402344"
"155648","91","91","91","0.9045979976654053","0.9045979976654053","0.9045979976654053"
"157696","92","92","92","0.914696991443634","0.914696991443634","0.914696991443634"
"159744","94","94","94","0.9322289824485779","0.9322289824485779","0.9322289824485779"
"161792","95","95","95","0.9647020101547241","0.9647020101547241","0.9647020101547241"
"163840","96","96","96","0.9696339964866638","0.9696339964866638","0.9696339964866638"
"165888","97","97","97","0.9801999926567078","0.9801999926567078","0.9801999926567078"
"167936","98","98","98","0.9816219806671143","0.9816219806671143","0.9816219806671143"
"169984","100","100","100","0.9792370200157166","0.9792370200157166","0.9792370200157166"
"172032","101","101","101","0.9667540192604065","0.9667540192604065","0.9667540192604065"
"174080","102","102","102","0.9781569838523865","0.9781569838523865","0.9781569838523865"
"176128","103","103","103","0.9709380269050598","0.9709380269050598","0.9709380269050598"
"178176","105","105","105","0.9823780059814453","0.9823780059814453","0.9823780059814453"
"180224","106","106","106","0.9674019813537598","0.9674019813537598","0.9674019813537598"
"182272","107","107","107","0.9519580006599426","0.9519580006599426","0.9519580006599426"
"184320","108","108","108","0.9399430155754089","0.9399430155754089","0.9399430155754089"
"186368","109","109","109","0.955377995967865","0.955377995967865","0.955377995967865"
"188416","111","111","111","0.9653139710426331","0.9653139710426331","0.9653139710426331"
"190464","112","112","112","0.9663310050964355","0.9663310050964355","0.9663310050964355"
"192512","113","113","113","0.972711980342865","0.972711980342865","0.972711980342865"
"194560","114","114","114","0.9788320064544678","0.9788320064544678","0.9788320064544678"
"196608","115","115","115","0.9814959764480591","0.9814959764480591","0.9814959764480591"
"198656","117","117","117","0.9709020256996155","0.9709020256996155","0.9709020256996155"
"200704","118","118","118","0.9485170245170593","0.9485170245170593","0.9485170245170593"
"202752","119","119","119","0.9689310193061829","0.9689310193061829","0.9689310193061829"
"204800","120","120","120","0.9810550212860107","0.9810550212860107","0.9810550212860107"
"206848","121","121","121","0.976095974445343","0.976095974445343","0.976095974445343"
"208896","123","123","123","0.9811630249023438","0.9811630249023438","0.9811630249023438"
"210944","124","124","124","0.9702720046043396","0.9702720046043396","0.9702720046043396"
"212992","125","125","125","0.9807850122451782","0.9807850122451782","0.9807850122451782"
"215040","126","126","126","0.9784629940986633","0.9784629940986633","0.9784629940986633"
"217088","127","127","127","0.9783549904823303","0.9783549904823303","0.9783549904823303"
"219136","129","129","129","0.9793450236320496","0.9793450236320496","0.9793450236320496"
"221184","130","130","130","0.9808750152587891","0.9808750152587891","0.9808750152587891"
"223232","131","131","131","0.9806950092315674","0.9806950092315674","0.9806950092315674"
"225280","132","132","132","0.9820899963378906","0.9820899963378906","0.9820899963378906"
"227328","133","133","133","0.9682559967041016","0.9682559967041016","0.9682559967041016"
"229376","135","135","135","0.9585180282592773","0.9585180282592773","0.9585180282592773"
"231424","136","136","136","0.9773470163345337","0.9773470163345337","0.9773470163345337"
"233472","137","137","137","0.9817749857902527","0.9817749857902527","0.9817749857902527"
"235520","138","138","138","0.9780219793319702","0.9780219793319702","0.9780219793319702"
"237568","139","139","139","0.9793360233306885","0.9793360233306885","0.9793360233306885"
"239616","141","141","141","0.9779049754142761","0.9779049754142761","0.9779049754142761"
"241664","142","142","142","0.9786520004272461","0.9786520004272461","0.9786520004272461"
"243712","143","143","143","0.9818829894065857","0.9818829894065857","0.9818829894065857"
"245760","144","144","144","0.9699580073356628","0.9699580073356628","0.9699580073356628"
"247808","145","145","145","0.9597610235214233","0.9597610235214233","0.9597610235214233"
"249856","147","147","147","0.9631180167198181","0.9631180167198181","0.9631180167198181"
"251904","149","149","149","0.970695972442627","0.970695972442627","0.970695972442627"